id,first_name,last_name,gender
84-0130341,Niel,Poschel,Male
10-7660174,Kyle,McSwan,Female
22-5489842,Chucho,Gostyke,Male
16-9126985,Deanna,Moreno,Female
86-7042201,Weber,Lobbe,Male
82-9805051,Valeda,Tinham,Female
09-2079311,Nola,Rolley,Female
03-4731271,Marsh,Gillean,Male
10-3395141,Wyn,Eaves,Male
87-9833194,Nester,Mosdell,Male
69-1251791,Gregor,Swannell,Male
49-6679720,Myrle,Egleton,Female
22-1830888,Sauveur,Mytton,Male
28-8705752,Clay,Balharrie,Male
54-1699869,Maris,Keppel,Female
72-3246866,Rockey,Meach,Male
30-7869615,Ailey,Creelman,Female
59-1729261,Jimmy,Clinnick,Male
88-9310845,Brion,Patington,Male
67-7915978,Aldon,Perrygo,Male
67-6459225,Redd,Clemens,Male
73-6065448,Chancey,Bettleson,Male
61-0603884,Anallise,Algar,Female
12-0038323,Jeanne,Clac,Female
01-4154385,Vittorio,Shekle,Male
25-0687820,Trefor,Howsin,Male
30-2145675,Pandora,McGuane,Female
87-0590662,Almeta,Palatino,Female
70-5947591,Marsh,Rowdell,Male
38-0480214,Mycah,Le Fleming,Male
95-2515826,Joanne,Bullivant,Female
34-5593647,Lutero,Taile,Male
46-9169775,Herschel,Full,Male
67-4467275,Violette,Doggart,Female
22-8917133,Murvyn,Woodruffe,Male
25-0399615,Hamlen,Polsin,Male
85-0606337,Cati,McConachie,Female
78-5360028,Frasco,Detloff,Male
24-7337370,Liva,Sapseed,Female
84-9549042,Elliot,Marion,Male
48-5232751,Gigi,Arsnell,Female
06-4643811,Margi,Perfitt,Female
33-4365760,Demetris,Castellan,Male
51-4668900,Maxi,Scotson,Female
20-0191779,Darrell,Prudham,Male
36-2783033,Brena,Hudless,Female
61-7897823,Saw,Clapperton,Male
36-7573347,Jarvis,Pouton,Male
21-6737427,Hammad,Eva,Male
05-3287565,Tripp,Steeples,Male
27-2632827,Cornell,Shelley,Male
78-4629582,Lou,Burgh,Male
19-1182744,Towney,Kitchingman,Male
02-3069897,Garnet,Sutterfield,Female
97-8680669,Charlotta,Penritt,Female
08-6247452,Colman,Harding,Male
11-2262441,Daron,Piesold,Male
57-4814111,Lyman,Barnardo,Male
04-8093010,Cornelius,Teale,Male
01-3710277,Marina,O'Farris,Female
38-4467385,Corissa,Beggio,Female
49-6109930,Sherwood,Willcock,Male
31-1479885,Bil,Goff,Male
44-4783920,Kathryn,Cranmore,Female
40-2476992,Perrine,Goodanew,Female
63-7183268,Judi,Restorick,Female
23-8718517,Doyle,Owers,Male
56-7162820,Allyce,Baud,Female
33-1324657,Molli,French,Female
81-8957832,Angelo,Steynor,Male
92-5273297,Randa,Shemmin,Female
18-2901777,Janos,Sewart,Male
93-0140148,Jayme,Pevreal,Male
76-6691312,Gabie,Kaveney,Male
25-2777794,Isa,Mantrip,Male
08-0174914,Orlando,Ham,Male
76-6432876,Kingston,Prudham,Male
87-5476392,Terrell,Wimlett,Male
78-6449690,Eyde,Shakeshaft,Female
52-1369368,Vaughan,Rolse,Male
94-4897850,Hermine,Bote,Female
90-7425078,Filmer,Droogan,Male
83-6732316,Ethelbert,Sandeson,Male
86-9449232,Lanita,Molder,Female
34-6149261,Town,Ingerfield,Male
30-0945083,Anselm,Weadick,Male
18-1383774,Annadiane,Mc Gaughey,Female
77-2519172,Corette,Ebbitt,Female
36-2602015,Chauncey,Aldus,Male
46-0376868,Verne,De Souza,Male
00-7732299,Stanly,Riguard,Male
50-6519634,Marcie,Waters,Female
95-7233175,Logan,Fuxman,Male
78-6035303,Carlotta,Dubble,Female
75-6572917,Roshelle,Fessier,Female
88-6323924,Joice,Truss,Female
97-8340847,Euphemia,Conville,Female
11-8151849,Salem,Bailey,Male
17-0016211,Margalo,Sellan,Female
63-3570729,Amaleta,Cuesta,Female
05-9664914,Farrel,Benoist,Male
04-8822982,Marigold,Mingus,Female
79-6785792,Dave,Stelli,Male
13-4077725,Guntar,Ciardo,Male
70-6102102,Coriss,Wraight,Female
05-5972322,Celina,Korn,Female
85-6557252,Page,Grimditch,Male
84-4563620,Lawry,Bootherstone,Male
88-8342791,Emmet,Attawell,Male
71-5105373,Portie,Duddan,Male
15-6335477,Manda,Reggio,Female
07-0834058,Saunders,Marushak,Male
65-1337141,Jeanna,Trevorrow,Female
76-0458508,Gussie,Leech,Female
85-2076117,Camile,Peegrem,Female
31-1691511,Ilse,Liver,Female
57-4556134,Lotte,Storrier,Female
66-2290674,Matilda,Filippo,Female
20-1972211,Lindi,Jeger,Female
78-5090715,Dania,Guiduzzi,Female
64-6586952,Tim,Clack,Male
92-3404856,Parker,Wrintmore,Male
06-4103344,Genna,Defries,Female
30-2247302,Dory,Stickells,Male
99-7625093,Jess,Kerkham,Male
15-6969601,Gustavus,McCray,Male
22-0053011,Matthaeus,Bagge,Male
98-3324041,Baudoin,Weinham,Male
53-6954983,Alfredo,Crowley,Male
32-9466004,Cinderella,Dimblebee,Female
78-7527920,Linus,Scoggin,Male
37-8548227,Enrico,Scriven,Male
00-8366095,Brooks,Cheston,Male
11-3555596,Marris,Spurling,Female
00-7286015,Rhoda,Daulton,Female
70-5213627,Loren,Sikorsky,Male
85-6620701,Dael,Julyan,Female
09-2975907,Craggy,Summerton,Male
38-4250574,Miles,Cracker,Male
89-4465017,Sephira,Lovewell,Female
84-9254309,Iain,Coulbeck,Male
12-7601097,Karalee,Jordon,Female
00-2024374,Emilie,Scourfield,Female
37-4533633,Rickie,Keenleyside,Male
38-8384920,Edna,Jannasch,Female
69-1120478,Thayne,Etheridge,Male
32-2226558,Dottie,Hogben,Female
76-0474249,Rosaleen,Aldersea,Female
76-5616479,Giuditta,Ankrett,Female
59-7804740,Ive,Dingle,Male
41-2901489,Fergus,McKevany,Male
03-6180092,Drona,Mingard,Female
87-2438603,Jdavie,Edwins,Male
65-3918655,Yancy,Toolin,Male
52-4396973,Kaleb,Ruilton,Male
66-4136739,Vassili,Hrus,Male
84-3975992,Alano,Sexti,Male
58-8748765,Steffen,Batecok,Male
06-4045826,Isadora,Farguhar,Female
37-9835198,Cherish,Glenister,Female
82-6853231,Roby,Calendar,Female
58-9700968,Wynny,Prin,Female
96-8988605,Angeli,Rean,Male
66-7300324,Alida,Worham,Female
91-5944134,Gustav,Roddick,Male
67-3469322,Brunhilda,Swarbrick,Female
88-7627266,Sally,Perllman,Female
01-2647080,Marty,Smithyman,Male
23-4055514,Junie,Choulerton,Female
14-8361581,Patti,Hinckesman,Female
20-8649711,Devora,Bortoli,Female
51-8675872,Luciana,Leversuch,Female
17-6978180,Kennedy,Clyne,Male
13-8122881,Brenda,Fearnley,Female
96-5157446,Skipper,Mc Comb,Male
02-5990958,Aryn,Panner,Female
66-2359628,Marthe,Barbier,Female
70-8046174,Lorene,Storcke,Female
73-4455203,Matias,Pires,Male
37-2125594,Benedicta,Jurries,Female
77-6097275,Calli,Leverett,Female
08-7195143,Raphael,Brigstock,Male
15-1636711,Joachim,Adne,Male
71-6963910,Louise,Tousy,Female
94-6764654,Yoko,Rohfsen,Female
77-4731469,Geri,Howieson,Male
25-1737208,Nev,Hinkley,Male
07-3968220,Jaclyn,Blewmen,Female
83-5324118,Galen,Doorly,Male
28-2752668,Frankie,Fortnon,Male
08-8555245,Grethel,Knewstub,Female
35-5927701,Vonni,Bohje,Female
09-4515074,Barnabas,Giraldo,Male
62-1442769,Merrel,Tomankowski,Male
55-7491067,Jody,Battershall,Male
67-1754043,Goran,Fritschmann,Male
15-1606461,Eleonora,Snoxell,Female
83-4399330,Lou,Colleton,Male
02-3894638,Nannette,Bundock,Female
28-6333466,Rosene,Kilsby,Female